"date","datePosted","amount","category"
2024-08-30,2024-09-01,-2380,"Gotowe jedzenie"
2024-08-30,2024-09-01,-1500,"Inne"
2024-09-02,2024-09-02,8000,"Zwrot pieniędzy"
2024-09-02,2024-09-04,-200,"Komunikacja miejska"
2024-09-02,2024-09-04,-200,"Komunikacja miejska"
2024-09-02,2024-09-04,-10000,"Inne"
2024-09-03,2024-09-03,-3339,"Pociągi"
2024-09-03,2024-09-03,-2838,"Pociągi"
2024-09-03,2024-09-05,-3200,"Inne"
2024-09-03,2024-09-05,-1500,"Inne"
2024-09-03,2024-09-06,-1500,"Inne"
2024-09-09,2024-09-11,-1900,"Inne"
2024-09-10,2024-09-10,-3339,"Pociągi"
2024-09-14,2024-09-16,-200,"Komunikacja miejska"
2024-09-15,2024-09-17,-200,"Komunikacja miejska"
2024-09-16,2024-09-18,-220,"Komunikacja miejska"
2024-09-16,2024-09-18,-600,"Inne"
2024-09-19,2024-09-21,-1700,"Inne"
2024-09-20,2024-09-20,1250,"Zwrot pieniędzy"
2024-09-20,2024-09-20,-600,"Zwrot pieniędzy"
2024-09-20,2024-09-22,-2500,"Inne"
2024-09-22,2024-09-22,-7000,"Pociągi"
2024-09-22,2024-09-22,-3339,"Pociągi"
2024-09-22,2024-09-24,-1798,"Inne"
2024-09-22,2024-09-24,-690,"Inne"
2024-09-25,2024-09-27,-200,"Komunikacja miejska"
2024-09-25,2024-09-27,-200,"Komunikacja miejska"
2024-09-25,2024-09-27,-1775,"Inne"
2024-09-26,2024-09-26,2100,"Zwrot pieniędzy"
2024-09-26,2024-09-28,-2575,"Inne"
2024-09-26,2024-09-28,-200,"Komunikacja miejska"
2024-09-26,2024-09-28,-200,"Komunikacja miejska"
2024-09-26,2024-09-28,-4400,"Inne"
2024-09-29,2024-10-01,-220,"Komunikacja miejska"
2024-09-30,2024-10-02,-750,"Inne"
2024-09-30,2024-10-02,-15585,"Inne"
2024-09-30,2024-10-02,-23997,"Inne"
2024-10-01,2024-10-01,2400,"Zwrot pieniędzy"
2024-10-01,2024-10-03,-2125,"Gotowe jedzenie"
2024-10-02,2024-10-04,-699,"Jedzenie i środki czystości"
2024-10-02,2024-10-04,-3229,"Jedzenie i środki czystości"
2024-10-02,2024-10-04,-4935,"Jedzenie i środki czystości"
2024-10-02,2024-10-04,-400,"Gotowe jedzenie"
2024-10-03,2024-10-05,-613,"Inne"
2024-10-03,2024-10-05,-930,"Gotowe jedzenie"
2024-10-04,2024-10-04,10000,"Wypłata gotówki"
2024-10-04,2024-10-04,-100,"Wypłata gotówki"
2024-10-04,2024-10-04,1000,"Zwrot pieniędzy"
2024-10-04,2024-10-04,-2597,"Pociągi"
2024-10-04,2024-10-06,-1800,"Jedzenie i środki czystości"
2024-10-05,2024-10-05,-2597,"Pociągi"
2024-10-05,2024-10-07,-170,"Inne"
2024-10-06,2024-10-08,-200,"Komunikacja miejska"
2024-10-06,2024-10-08,-220,"Komunikacja miejska"
2024-10-07,2024-10-07,30000,"Wypłata gotówki"
2024-10-07,2024-10-07,-180,"Wypłata gotówki"
2024-10-07,2024-10-09,-5853,"Jedzenie i środki czystości"
2024-10-07,2024-10-09,-700,"Gotowe jedzenie"
2024-10-08,2024-10-10,-170,"Inne"
2024-10-09,2024-10-09,1000,"Zwrot pieniędzy"
2024-10-10,2024-10-12,-3000,"Gotowe jedzenie"
2024-10-11,2024-10-11,-2597,"Pociągi"
2024-10-11,2024-10-11,-2597,"Pociągi"
2024-10-12,2024-10-12,-170,"Komunikacja miejska"
2024-10-12,2024-10-12,-220,"Komunikacja miejska"
2024-10-12,2024-10-14,-1650,"Gotowe jedzenie"
2024-10-13,2024-10-13,-170,"Komunikacja miejska"
2024-10-14,2024-10-16,-9416,"Jedzenie i środki czystości"
2024-10-14,2024-10-16,-2018,"Jedzenie i środki czystości"
2024-10-17,2024-10-19,-2005,"Gotowe jedzenie"
2024-10-18,2024-10-18,-170,"Komunikacja miejska"
2024-10-18,2024-10-20,-930,"Gotowe jedzenie"
2024-10-19,2024-10-19,60000,"Wypłata gotówki"
2024-10-19,2024-10-19,-360,"Wypłata gotówki"
2024-10-19,2024-10-21,-15187,"Jedzenie i środki czystości"
2024-10-21,2024-10-21,60000,"Wypłata gotówki"
2024-10-21,2024-10-21,-360,"Wypłata gotówki"
2024-10-21,2024-10-23,-2249,"Jedzenie i środki czystości"
2024-10-21,2024-10-23,-9194,"Jedzenie i środki czystości"
2024-10-23,2024-10-25,-400,"Gotowe jedzenie"
2024-10-24,2024-10-24,-2597,"Pociągi"
2024-10-25,2024-10-25,-170,"Komunikacja miejska"
2024-10-26,2024-10-26,-2597,"Pociągi"
2024-10-27,2024-10-27,-170,"Komunikacja miejska"
2024-10-28,2024-10-30,-1820,"Gotowe jedzenie"
2024-10-28,2024-10-30,-3953,"Jedzenie i środki czystości"
2024-10-28,2024-10-30,-8595,"Jedzenie i środki czystości"
2024-10-29,2024-10-29,-170,"Komunikacja miejska"
2024-10-30,2024-10-30,-170,"Komunikacja miejska"
2024-10-30,2024-10-30,-170,"Komunikacja miejska"
2024-10-30,2024-10-30,-2597,"Pociągi"
2024-10-30,2024-10-30,-2597,"Pociągi"
2024-10-30,2024-11-01,-2000,"Inne"
2024-10-30,2024-11-01,-1900,"Gotowe jedzenie"
2024-10-30,2024-11-01,-1317,"Jedzenie i środki czystości"
2024-10-31,2024-10-31,-170,"Komunikacja miejska"
2024-10-31,2024-10-31,-2597,"Pociągi"
2024-10-31,2024-10-31,-170,"Komunikacja miejska"
2024-10-31,2024-11-02,-129,"Jedzenie i środki czystości"
2024-11-01,2024-11-01,-170,"Komunikacja miejska"
2024-11-03,2024-11-03,-170,"Komunikacja miejska"
2024-11-04,2024-11-06,-2368,"Jedzenie i środki czystości"
2024-11-04,2024-11-06,-5258,"Jedzenie i środki czystości"
2024-11-05,2024-11-05,-170,"Komunikacja miejska"
2024-11-05,2024-11-07,-1020,"Gotowe jedzenie"
2024-11-08,2024-11-08,100000,"Politechnika"
2024-11-08,2024-11-10,-8250,"Inne"
2024-11-08,2024-11-10,-2996,"Jedzenie i środki czystości"
2024-11-09,2024-11-09,-4793,"Pociągi"
2024-11-09,2024-11-09,-170,"Komunikacja miejska"
2024-11-10,2024-11-12,-200,"Komunikacja miejska"
2024-11-11,2024-11-11,-170,"Komunikacja miejska"
2024-11-12,2024-11-14,-570,"Inne"
2024-11-14,2024-11-14,-84,"Inne"
2024-11-14,2024-11-14,-340,"Komunikacja miejska"
2024-11-15,2024-11-17,-2673,"Jedzenie i środki czystości"
2024-11-15,2024-11-17,-5273,"Jedzenie i środki czystości"
2024-11-16,2024-11-16,-480,"Zwrot pieniędzy"
2024-11-16,2024-11-18,-972,"Jedzenie i środki czystości"
2024-11-18,2024-11-18,-10949,"Elektronika"
2024-11-18,2024-11-20,-930,"Gotowe jedzenie"
2024-11-18,2024-11-20,-2254,"Jedzenie i środki czystości"
2024-11-18,2024-11-20,-8787,"Jedzenie i środki czystości"
2024-11-20,2024-11-22,-1530,"Gotowe jedzenie"
2024-11-20,2024-11-22,-400,"Gotowe jedzenie"
2024-11-22,2024-11-24,-1650,"Gotowe jedzenie"
2024-11-22,2024-11-24,-2427,"Jedzenie i środki czystości"
2024-11-22,2024-11-24,-4084,"Jedzenie i środki czystości"
2024-11-24,2024-11-24,-400,"Pranie"
2024-11-25,2024-11-27,-1281,"Jedzenie i środki czystości"
2024-11-26,2024-11-26,-170,"Komunikacja miejska"
2024-11-26,2024-11-28,-1540,"Gotowe jedzenie"
2024-11-26,2024-11-28,-904,"Jedzenie i środki czystości"
2024-11-29,2024-11-29,-1000,"Zwrot pieniędzy"
2024-11-29,2024-11-29,-686,"Pociągi"
2024-11-30,2024-11-30,-170,"Komunikacja miejska"
2024-11-30,2024-11-30,100000,"Zwrot pieniędzy"
2024-12-01,2024-12-01,-2597,"Pociągi"
2024-12-01,2024-12-01,50000,"Zwrot pieniędzy"
2024-12-01,2024-12-01,-170,"Komunikacja miejska"
2024-12-01,2024-12-03,-200,"Komunikacja miejska"
2024-12-02,2024-12-04,-2667,"Jedzenie i środki czystości"
2024-12-02,2024-12-04,-399,"Jedzenie i środki czystości"
2024-12-02,2024-12-04,-6913,"Jedzenie i środki czystości"
2024-12-03,2024-12-05,-3788,"Jedzenie i środki czystości"
2024-12-04,2024-12-04,100000,"Politechnika"
2024-12-05,2024-12-07,-1390,"Gotowe jedzenie"
2024-12-05,2024-12-07,-2500,"Gotowe jedzenie"
2024-12-06,2024-12-06,255000,"Politechnika"
2024-12-06,2024-12-08,-1090,"Gotowe jedzenie"
2024-12-07,2024-12-09,-2165,"Jedzenie i środki czystości"
2024-12-07,2024-12-09,-5857,"Jedzenie i środki czystości"
2024-12-08,2024-12-08,-557,"Pranie"
2024-12-08,2024-12-08,-400,"Pranie"
2024-12-10,2024-12-12,-1800,"Gotowe jedzenie"
2024-12-11,2024-12-13,-2318,"Jedzenie i środki czystości"
2024-12-11,2024-12-13,-4098,"Jedzenie i środki czystości"
2024-12-11,2024-12-13,-6677,"Jedzenie i środki czystości"
2024-12-12,2024-12-14,-2070,"Jedzenie i środki czystości"
2024-12-13,2024-12-15,-1350,"Jedzenie i środki czystości"
2024-12-13,2024-12-15,-7546,"Jedzenie i środki czystości"
2024-12-14,2024-12-14,-170,"Komunikacja miejska"
2024-12-14,2024-12-14,-1500,"Zwrot pieniędzy"
2024-12-14,2024-12-16,-690,"Jedzenie i środki czystości"
2024-12-16,2024-12-16,-686,"Pociągi"
2024-12-16,2024-12-16,-557,"Pranie"
2024-12-16,2024-12-16,-400,"Pranie"
2024-12-16,2024-12-16,-400,"Pranie"
2024-12-17,2024-12-17,2000,"Zwrot pieniędzy"
2024-12-17,2024-12-17,-170,"Komunikacja miejska"
2024-12-17,2024-12-19,-2275,"Jedzenie i środki czystości"
2024-12-17,2024-12-19,-2178,"Jedzenie i środki czystości"
2024-12-18,2024-12-18,100000,"Politechnika"
2024-12-18,2024-12-20,-690,"Gotowe jedzenie"
2024-12-20,2024-12-20,-170,"Komunikacja miejska"
2024-12-26,2024-12-26,-3164,"Zwrot pieniędzy"
2024-12-26,2024-12-26,-2597,"Pociągi"
2024-12-30,2024-12-30,400000,"Politechnika"
2024-12-30,2025-01-01,-1080,"Inne"
2025-01-03,2025-01-03,-155000,"Zwrot pieniędzy"
2025-01-06,2025-01-06,-170,"Komunikacja miejska"
2025-01-07,2025-01-07,85000,"Politechnika"
2025-01-07,2025-01-07,-1300,"Zwrot pieniędzy"
2025-01-07,2025-01-07,2317,"Zwrot pieniędzy"
2025-01-07,2025-01-09,-3062,"Jedzenie i środki czystości"
2025-01-07,2025-01-09,-11877,"Jedzenie i środki czystości"
2025-01-09,2025-01-11,-400,"Gotowe jedzenie"
2025-01-10,2025-01-10,-1000,"Zwrot pieniędzy"
2025-01-10,2025-01-12,-2934,"Jedzenie i środki czystości"
2025-01-11,2025-01-13,-5422,"Jedzenie i środki czystości"
2025-01-11,2025-01-13,-3499,"Jedzenie i środki czystości"
2025-01-12,2025-01-12,-557,"Pranie"
2025-01-12,2025-01-12,-400,"Pranie"
2025-01-14,2025-01-14,-220,"Komunikacja miejska"
2025-01-14,2025-01-16,-3550,"Jedzenie i środki czystości"
2025-01-14,2025-01-16,-17800,"Inne"
2025-01-14,2025-01-16,-2219,"Jedzenie i środki czystości"
2025-01-16,2025-01-18,-3500,"Gotowe jedzenie"
2025-01-17,2025-01-19,-3645,"Jedzenie i środki czystości"
2025-01-17,2025-01-19,-5365,"Jedzenie i środki czystości"
2025-01-18,2025-01-20,-3148,"Jedzenie i środki czystości"
2025-01-18,2025-01-20,-1625,"Jedzenie i środki czystości"
2025-01-19,2025-01-19,-557,"Pranie"
2025-01-19,2025-01-19,-400,"Pranie"
2025-01-20,2025-01-22,-880,"Jedzenie i środki czystości"
2025-01-22,2025-01-24,-6197,"Jedzenie i środki czystości"
2025-01-22,2025-01-24,-3898,"Jedzenie i środki czystości"
2025-01-22,2025-01-24,-3840,"Jedzenie i środki czystości"
2025-01-22,2025-01-24,-400,"Gotowe jedzenie"
2025-01-23,2025-01-25,-3000,"Gotowe jedzenie"
2025-01-24,2025-01-24,100000,"Politechnika"
2025-01-24,2025-01-24,-170,"Komunikacja miejska"
2025-01-25,2025-01-27,-6197,"Jedzenie i środki czystości"
2025-01-25,2025-01-27,-6133,"Jedzenie i środki czystości"
2025-01-26,2025-01-26,-557,"Pranie"
2025-01-26,2025-01-26,-400,"Pranie"
2025-01-27,2025-01-29,-2972,"Jedzenie i środki czystości"
2025-01-27,2025-01-29,-3115,"Jedzenie i środki czystości"
2025-01-29,2025-01-31,-830,"Gotowe jedzenie"
2025-01-29,2025-01-31,-400,"Gotowe jedzenie"
2025-01-30,2025-02-01,-5134,"Jedzenie i środki czystości"
2025-01-30,2025-02-01,-7123,"Jedzenie i środki czystości"
2025-02-01,2025-02-03,-920,"Jedzenie i środki czystości"
2025-02-02,2025-02-02,-557,"Pranie"
2025-02-02,2025-02-02,-400,"Pranie"
2025-02-03,2025-02-05,-7192,"Jedzenie i środki czystości"
2025-02-03,2025-02-05,-2550,"Jedzenie i środki czystości"
2025-02-05,2025-02-05,85000,"Politechnika"
2025-02-05,2025-02-05,-655,"Zwrot pieniędzy"
2025-02-06,2025-02-08,-11647,"Inne"
2025-02-06,2025-02-08,-1400,"Jedzenie i środki czystości"
2025-02-08,2025-02-08,-2597,"Pociągi"
2025-02-08,2025-02-10,-2345,"Jedzenie i środki czystości"
2025-02-08,2025-02-10,-1276,"Jedzenie i środki czystości"
2025-02-09,2025-02-09,-170,"Komunikacja miejska"
2025-02-18,2025-02-18,3000,"Zwrot pieniędzy"
2025-02-18,2025-02-18,-1428,"Pociągi"
2025-02-18,2025-02-18,-8500,"Inne"
2025-02-18,2025-02-20,-16680,"Inne"
2025-02-19,2025-02-19,1800,"Zwrot pieniędzy"
2025-02-19,2025-02-19,4569,"Zwrot pieniędzy"
2025-02-19,2025-02-21,-200,"Komunikacja miejska"
2025-02-19,2025-02-21,-200,"Komunikacja miejska"
2025-02-19,2025-02-21,-25000,"Inne"
2025-02-20,2025-02-20,-170,"Komunikacja miejska"
2025-02-20,2025-02-22,-6221,"Jedzenie i środki czystości"
2025-02-20,2025-02-22,-4677,"Jedzenie i środki czystości"
2025-02-21,2025-02-23,-2737,"Jedzenie i środki czystości"
2025-02-21,2025-02-23,-2811,"Jedzenie i środki czystości"
2025-02-22,2025-02-24,-2592,"Jedzenie i środki czystości"
2025-02-23,2025-02-23,-557,"Pranie"
2025-02-23,2025-02-23,-200,"Pranie"
2025-02-24,2025-02-24,-5000,"Zwrot pieniędzy"
2025-02-24,2025-02-26,-4206,"Jedzenie i środki czystości"
2025-02-24,2025-02-26,-3500,"Gotowe jedzenie"
2025-02-25,2025-02-25,-170,"Komunikacja miejska"
2025-02-25,2025-02-27,-3346,"Jedzenie i środki czystości"
2025-02-26,2025-02-28,-3500,"Gotowe jedzenie"
2025-02-27,2025-02-27,-2030,"Zwrot pieniędzy"
2025-02-27,2025-03-01,-649,"Inne"
2025-02-27,2025-03-01,-6123,"Jedzenie i środki czystości"
2025-02-27,2025-03-01,-3060,"Jedzenie i środki czystości"
2025-02-28,2025-02-28,100000,"Politechnika"
2025-02-28,2025-03-02,-2998,"Jedzenie i środki czystości"
2025-03-01,2025-03-01,-557,"Pranie"
2025-03-01,2025-03-01,-400,"Pranie"
2025-03-01,2025-03-03,-3224,"Jedzenie i środki czystości"
2025-03-01,2025-03-03,-3944,"Jedzenie i środki czystości"
2025-03-02,2025-03-02,-170,"Komunikacja miejska"
2025-03-02,2025-03-02,-170,"Komunikacja miejska"
2025-03-02,2025-03-02,-170,"Komunikacja miejska"
2025-03-02,2025-03-02,-170,"Komunikacja miejska"
2025-03-03,2025-03-05,-3500,"Gotowe jedzenie"
2025-03-04,2025-03-04,-170,"Komunikacja miejska"
2025-03-04,2025-03-04,-170,"Komunikacja miejska"
2025-03-04,2025-03-06,-3097,"Jedzenie i środki czystości"
2025-03-05,2025-03-05,85000,"Politechnika"
2025-03-05,2025-03-07,-3500,"Gotowe jedzenie"
2025-03-06,2025-03-08,-2529,"Jedzenie i środki czystości"
2025-03-06,2025-03-08,-5463,"Jedzenie i środki czystości"
2025-03-07,2025-03-07,-1078,"Pociągi"
2025-03-08,2025-03-08,-170,"Komunikacja miejska"
2025-03-08,2025-03-08,-2597,"Pociągi"
2025-03-08,2025-03-10,-200,"Komunikacja miejska"
2025-03-09,2025-03-09,-170,"Komunikacja miejska"
2025-03-10,2025-03-10,-499,"Zwrot pieniędzy"
2025-03-10,2025-03-12,-3500,"Gotowe jedzenie"
2025-03-11,2025-03-13,-2204,"Jedzenie i środki czystości"
2025-03-11,2025-03-13,-5236,"Jedzenie i środki czystości"
2025-03-12,2025-03-14,-3500,"Gotowe jedzenie"
2025-03-13,2025-03-15,-4385,"Jedzenie i środki czystości"
2025-03-13,2025-03-15,-6262,"Jedzenie i środki czystości"
2025-03-16,2025-03-16,-557,"Pranie"
2025-03-16,2025-03-16,-400,"Pranie"
2025-03-17,2025-03-19,-3000,"Gotowe jedzenie"
2025-03-17,2025-03-19,-3394,"Jedzenie i środki czystości"
2025-03-17,2025-03-19,-1648,"Jedzenie i środki czystości"
2025-03-18,2025-03-18,-170,"Komunikacja miejska"
2025-03-18,2025-03-20,-930,"Jedzenie i środki czystości"
2025-03-19,2025-03-19,-26095,"Zwrot pieniędzy"
2025-03-19,2025-03-21,-3500,"Gotowe jedzenie"
2025-03-19,2025-03-21,-2308,"Jedzenie i środki czystości"
2025-03-20,2025-03-22,-3123,"Jedzenie i środki czystości"
2025-03-20,2025-03-22,-1988,"Jedzenie i środki czystości"
2025-03-20,2025-03-22,-6425,"Jedzenie i środki czystości"
2025-03-22,2025-03-24,-1872,"Jedzenie i środki czystości"
2025-03-23,2025-03-23,-557,"Pranie"
2025-03-23,2025-03-23,-400,"Pranie"
2025-03-24,2025-03-26,-3000,"Gotowe jedzenie"
2025-03-24,2025-03-26,-2026,"Jedzenie i środki czystości"
2025-03-25,2025-03-27,-3558,"Jedzenie i środki czystości"
2025-03-25,2025-03-27,-6739,"Jedzenie i środki czystości"
2025-03-25,2025-03-27,-400,"Gotowe jedzenie"
2025-03-26,2025-03-28,-3500,"Gotowe jedzenie"
2025-03-27,2025-03-27,100000,"Politechnika"
2025-03-27,2025-03-29,-2915,"Jedzenie i środki czystości"
2025-03-27,2025-03-29,-5568,"Jedzenie i środki czystości"
2025-03-28,2025-03-30,-888,"Jedzenie i środki czystości"
2025-03-29,2025-03-31,-2234,"Jedzenie i środki czystości"
2025-03-29,2025-03-31,-3029,"Jedzenie i środki czystości"
2025-03-30,2025-03-30,-557,"Pranie"
2025-03-30,2025-03-30,-400,"Pranie"
2025-03-31,2025-04-02,-3500,"Gotowe jedzenie"
2025-04-01,2025-04-03,-1757,"Jedzenie i środki czystości"
2025-04-01,2025-04-03,-2306,"Jedzenie i środki czystości"
2025-04-02,2025-04-04,-3500,"Gotowe jedzenie"
2025-04-03,2025-04-05,-5328,"Jedzenie i środki czystości"
2025-04-03,2025-04-05,-2416,"Jedzenie i środki czystości"
2025-04-04,2025-04-04,85000,"Politechnika"
2025-04-04,2025-04-04,-170,"Komunikacja miejska"
2025-04-04,2025-04-04,-170,"Komunikacja miejska"
2025-04-05,2025-04-05,1839,"Zwrot pieniędzy"
2025-04-05,2025-04-07,-1763,"Jedzenie i środki czystości"
2025-04-05,2025-04-07,-5494,"Jedzenie i środki czystości"
2025-04-06,2025-04-06,-170,"Komunikacja miejska"
2025-04-06,2025-04-06,-170,"Komunikacja miejska"
2025-04-06,2025-04-06,-557,"Pranie"
2025-04-06,2025-04-06,-400,"Pranie"
2025-04-07,2025-04-09,-3500,"Gotowe jedzenie"
2025-04-07,2025-04-09,-400,"Gotowe jedzenie"
2025-04-08,2025-04-10,-2636,"Jedzenie i środki czystości"
2025-04-09,2025-04-11,-3500,"Gotowe jedzenie"
2025-04-09,2025-04-11,-250,"Gotowe jedzenie"
2025-04-10,2025-04-12,-2678,"Jedzenie i środki czystości"
2025-04-10,2025-04-12,-5750,"Jedzenie i środki czystości"
2025-04-11,2025-04-11,-985,"Zwrot pieniędzy"
2025-04-12,2025-04-14,-1999,"Odzież i obuwie"
2025-04-12,2025-04-14,-3931,"Jedzenie i środki czystości"
2025-04-12,2025-04-14,-2168,"Jedzenie i środki czystości"
2025-04-13,2025-04-13,-557,"Pranie"
2025-04-13,2025-04-13,-400,"Pranie"
2025-04-14,2025-04-16,-2772,"Jedzenie i środki czystości"
2025-04-14,2025-04-16,-3500,"Gotowe jedzenie"
2025-04-15,2025-04-15,-2597,"Pociągi"
2025-04-15,2025-04-17,-250,"Gotowe jedzenie"
2025-04-16,2025-04-18,-3000,"Gotowe jedzenie"
2025-04-16,2025-04-19,-350,"Gotowe jedzenie"
2025-04-17,2025-04-17,-170,"Komunikacja miejska"
2025-04-17,2025-04-19,-750,"Inne"
2025-04-17,2025-04-19,-1520,"Gotowe jedzenie"
2025-04-22,2025-04-22,-220,"Komunikacja miejska"
2025-04-22,2025-04-24,-8500,"Inne"
2025-04-23,2025-04-25,-850,"Inne"
2025-04-23,2025-04-25,-3000,"Gotowe jedzenie"
2025-04-24,2025-04-26,-4400,"Jedzenie i środki czystości"
2025-04-24,2025-04-26,-11141,"Jedzenie i środki czystości"
2025-04-25,2025-04-25,100000,"Politechnika"
2025-04-25,2025-04-25,-170,"Komunikacja miejska"
2025-04-26,2025-04-26,-22662,"Gotowe jedzenie"
2025-04-26,2025-04-26,-2597,"Pociągi"
2025-04-26,2025-04-28,-1485,"Jedzenie i środki czystości"
2025-04-26,2025-04-28,-13465,"Jedzenie i środki czystości"
2025-04-27,2025-04-27,-557,"Pranie"
2025-04-27,2025-04-27,-400,"Pranie"
2025-04-28,2025-04-30,-3500,"Gotowe jedzenie"
2025-04-28,2025-04-30,-350,"Gotowe jedzenie"
2025-04-30,2025-05-02,-3000,"Gotowe jedzenie"
2025-04-30,2025-05-02,-400,"Gotowe jedzenie"
2025-05-01,2025-05-01,-170,"Komunikacja miejska"
2025-05-05,2025-05-07,-3500,"Gotowe jedzenie"
2025-05-06,2025-05-06,85000,"Politechnika"
2025-05-06,2025-05-06,-170,"Komunikacja miejska"
2025-05-06,2025-05-06,-170,"Komunikacja miejska"
2025-05-06,2025-05-08,-4556,"Jedzenie i środki czystości"
2025-05-06,2025-05-08,-7234,"Jedzenie i środki czystości"
2025-05-07,2025-05-09,-3500,"Gotowe jedzenie"
2025-05-07,2025-05-09,-350,"Gotowe jedzenie"
2025-05-09,2025-05-11,-1390,"Gotowe jedzenie"
2025-05-10,2025-05-12,-2927,"Jedzenie i środki czystości"
2025-05-10,2025-05-12,-7576,"Jedzenie i środki czystości"
2025-05-11,2025-05-11,-557,"Pranie"
2025-05-11,2025-05-11,-400,"Pranie"
2025-05-12,2025-05-14,-3500,"Gotowe jedzenie"
2025-05-13,2025-05-15,-3132,"Jedzenie i środki czystości"
2025-05-13,2025-05-15,-549,"Jedzenie i środki czystości"
2025-05-13,2025-05-15,-4039,"Jedzenie i środki czystości"
2025-05-16,2025-05-16,-2597,"Pociągi"
2025-05-16,2025-05-16,-2597,"Pociągi"
2025-05-16,2025-05-18,-1704,"Jedzenie i środki czystości"
2025-05-17,2025-05-17,-170,"Komunikacja miejska"
2025-05-17,2025-05-17,-2597,"Pociągi"
2025-05-19,2025-05-21,-3500,"Gotowe jedzenie"
2025-05-19,2025-05-21,-6365,"Jedzenie i środki czystości"
2025-05-19,2025-05-21,-400,"Gotowe jedzenie"
2025-05-20,2025-05-22,-2521,"Jedzenie i środki czystości"
2025-05-21,2025-05-23,-3500,"Gotowe jedzenie"
2025-05-21,2025-05-23,-350,"Gotowe jedzenie"
2025-05-22,2025-05-24,-2663,"Jedzenie i środki czystości"
2025-05-22,2025-05-24,-1390,"Gotowe jedzenie"
2025-05-22,2025-05-24,-2398,"Jedzenie i środki czystości"
2025-05-24,2025-05-26,-1077,"Jedzenie i środki czystości"
2025-05-24,2025-05-26,-5708,"Jedzenie i środki czystości"
2025-05-25,2025-05-25,-557,"Pranie"
2025-05-25,2025-05-25,-400,"Pranie"
2025-05-26,2025-05-26,100000,"Politechnika"
2025-05-26,2025-05-28,-1650,"Gotowe jedzenie"
2025-05-26,2025-05-29,-350,"Gotowe jedzenie"
2025-05-27,2025-05-29,-4809,"Jedzenie i środki czystości"
2025-05-27,2025-05-29,-6746,"Jedzenie i środki czystości"
2025-05-29,2025-05-31,-1080,"Jedzenie i środki czystości"
2025-05-30,2025-06-01,-287,"Jedzenie i środki czystości"
2025-05-31,2025-05-31,-170,"Komunikacja miejska"
2025-06-01,2025-06-01,10000,"Zwrot pieniędzy"
2025-06-01,2025-06-01,-170,"Komunikacja miejska"
2025-06-01,2025-06-03,-1610,"Gotowe jedzenie"
2025-06-02,2025-06-04,-2600,"Inne"
2025-06-02,2025-06-04,-1827,"Jedzenie i środki czystości"
2025-06-02,2025-06-04,-3086,"Jedzenie i środki czystości"
2025-06-03,2025-06-03,-557,"Pranie"
2025-06-03,2025-06-03,-400,"Pranie"
2025-06-03,2025-06-05,-2268,"Jedzenie i środki czystości"
2025-06-03,2025-06-05,-2139,"Jedzenie i środki czystości"
2025-06-04,2025-06-04,85000,"Politechnika"
2025-06-04,2025-06-06,-697,"Jedzenie i środki czystości"
2025-06-04,2025-06-06,-1650,"Gotowe jedzenie"
2025-06-06,2025-06-08,-1700,"Jedzenie i środki czystości"
2025-06-07,2025-06-07,-170,"Komunikacja miejska"
2025-06-07,2025-06-07,-499,"Zwrot pieniędzy"
2025-06-07,2025-06-09,-2515,"Gotowe jedzenie"
2025-06-08,2025-06-10,-1640,"Gotowe jedzenie"
2025-06-09,2025-06-11,-2005,"Gotowe jedzenie"
2025-06-10,2025-06-12,-3071,"Jedzenie i środki czystości"
2025-06-10,2025-06-12,-2542,"Gotowe jedzenie"
2025-06-10,2025-06-12,-1759,"Jedzenie i środki czystości"
2025-06-11,2025-06-13,-630,"Jedzenie i środki czystości"
2025-06-12,2025-06-12,-557,"Pranie"
2025-06-12,2025-06-12,-400,"Pranie"
2025-06-12,2025-06-14,-1628,"Jedzenie i środki czystości"
2025-06-12,2025-06-14,-4843,"Jedzenie i środki czystości"
2025-06-14,2025-06-16,-3330,"Jedzenie i środki czystości"
2025-06-14,2025-06-16,-2398,"Jedzenie i środki czystości"
2025-06-16,2025-06-16,-170,"Komunikacja miejska"
2025-06-16,2025-06-16,-170,"Komunikacja miejska"
2025-06-16,2025-06-18,-1650,"Gotowe jedzenie"
2025-06-17,2025-06-19,-5306,"Jedzenie i środki czystości"
2025-06-17,2025-06-19,-5002,"Jedzenie i środki czystości"
2025-06-18,2025-06-18,-50000,"Politechnika"
2025-06-18,2025-06-18,-170,"Komunikacja miejska"
2025-06-20,2025-06-20,-170,"Komunikacja miejska"
2025-06-20,2025-06-22,-1692,"Jedzenie i środki czystości"
2025-06-20,2025-06-22,-13999,"Inne"
2025-06-20,2025-06-22,-2498,"Jedzenie i środki czystości"
2025-06-22,2025-06-22,-557,"Pranie"
2025-06-22,2025-06-22,-400,"Pranie"
2025-06-23,2025-06-23,-220,"Komunikacja miejska"
2025-06-23,2025-06-23,-220,"Komunikacja miejska"
2025-06-23,2025-06-25,-1950,"Gotowe jedzenie"
2025-06-24,2025-06-26,-2265,"Gotowe jedzenie"
2025-06-25,2025-06-25,100000,"Politechnika"
2025-06-25,2025-06-27,-2445,"Gotowe jedzenie"
2025-06-27,2025-06-29,-1313,"Inne"
2025-07-01,2025-07-03,-200,"Komunikacja miejska"
2025-07-01,2025-07-03,-200,"Komunikacja miejska"
2025-07-01,2025-07-03,-18000,"Inne"
2025-07-02,2025-07-02,85000,"Politechnika"
2025-07-04,2025-07-04,9000,"Zwrot pieniędzy"
2025-07-05,2025-07-05,-19000,"Zwrot pieniędzy"
2025-07-10,2025-07-12,-200,"Inne"
2025-07-11,2025-07-11,-2166,"Pociągi"
2025-07-11,2025-07-11,-2548,"Pociągi"
2025-07-11,2025-07-11,-382,"Pociągi"
2025-07-12,2025-07-12,-11166,"Pociągi"
2025-07-13,2025-07-13,2550,"Zwrot pieniędzy"
2025-07-13,2025-07-15,-5100,"Inne"
2025-07-14,2025-07-16,-200,"Komunikacja miejska"
2025-07-16,2025-07-16,925,"Zwrot pieniędzy"
2025-07-16,2025-07-18,-925,"Inne"
2025-07-17,2025-07-17,100000,"Politechnika"
2025-07-19,2025-07-19,-6464,"Pociągi"
2025-07-19,2025-07-19,-3381,"Pociągi"
2025-07-28,2025-07-30,-3292,"Inne"
2025-07-31,2025-07-31,-500,"Inne"
2025-08-03,2025-08-03,60000,"Zwrot pieniędzy"
2025-08-03,2025-08-03,-40899,"Inne"
2025-08-06,2025-08-06,45000,"Zwrot pieniędzy"
2025-08-08,2025-08-08,-4725,"Pociągi"
2025-08-08,2025-08-08,5000,"Zwrot pieniędzy"
2025-08-13,2025-08-13,-3339,"Pociągi"
2025-08-13,2025-08-13,-3654,"Pociągi"
2025-08-13,2025-08-15,-4490,"Inne"
2025-08-14,2025-08-16,-2054,"Inne"
2025-08-19,2025-08-19,-2548,"Pociągi"
2025-08-19,2025-08-19,-2548,"Pociągi"
2025-08-22,2025-08-24,-200,"Komunikacja miejska"
2025-08-22,2025-08-24,-599,"Inne"
2025-08-25,2025-08-25,-1428,"Pociągi"
2025-08-25,2025-08-25,-2052,"Pociągi"
2025-08-27,2025-08-27,-170,"Komunikacja miejska"
2025-08-27,2025-08-27,-220,"Komunikacja miejska"
2025-08-27,2025-08-27,-750,"Komunikacja miejska"
2025-08-27,2025-08-29,-800,"Inne"
2025-08-27,2025-08-29,-1500,"Inne"
2025-08-27,2025-08-29,-450,"Inne"
2025-08-31,2025-08-31,-500,"Inne"
2025-09-02,2025-09-02,-20079,"Zwrot pieniędzy"
2025-09-04,2025-09-04,-10965,"Elektronika"
2025-09-04,2025-09-04,-14729,"Elektronika"
2025-09-04,2025-09-04,-5600,"Zwrot pieniędzy"
2025-09-07,2025-09-09,-200,"Komunikacja miejska"
2025-09-08,2025-09-10,-200,"Komunikacja miejska"
2025-09-11,2025-09-11,-8479,"Elektronika"
2025-09-12,2025-09-14,-200,"Komunikacja miejska"
2025-09-12,2025-09-14,-32999,"Inne"
2025-09-15,2025-09-17,-200,"Komunikacja miejska"
2025-09-15,2025-09-17,-900,"Inne"
2025-09-15,2025-09-17,-2777,"Inne"
2025-09-15,2025-09-17,-1790,"Inne"
2025-09-16,2025-09-18,-2771,"Inne"
2025-09-17,2025-09-19,-4364,"Inne"
2025-09-20,2025-09-22,-3740,"Inne"
2025-09-21,2025-09-21,-22549,"Gotowe jedzenie"
2025-09-21,2025-09-21,-14734,"Zwrot pieniędzy"
2025-09-21,2025-09-21,-20942,"Zwrot pieniędzy"
2025-09-22,2025-09-24,-9000,"Inne"
2025-09-26,2025-09-28,-200,"Komunikacja miejska"
2025-09-26,2025-09-28,-200,"Komunikacja miejska"
2025-09-28,2025-09-28,-2000,"Zwrot pieniędzy"
2025-09-29,2025-10-01,-2280,"Gotowe jedzenie"
2025-09-30,2025-10-02,-2700,"Jedzenie i środki czystości"
2025-09-30,2025-10-02,-2885,"Gotowe jedzenie"
2025-09-30,2025-10-02,-9585,"Jedzenie i środki czystości"
2025-10-01,2025-10-01,-174,"Inne"
2025-10-01,2025-10-03,-1720,"Gotowe jedzenie"
2025-10-02,2025-10-04,-2735,"Gotowe jedzenie"
2025-10-03,2025-10-05,-7780,"Jedzenie i środki czystości"
2025-10-03,2025-10-05,-2790,"Inne"
2025-10-03,2025-10-05,-4297,"Jedzenie i środki czystości"
2025-10-04,2025-10-04,-27748,"Inne"
2025-10-04,2025-10-06,-12799,"Odzież i obuwie"
2025-10-04,2025-10-06,-1251,"Jedzenie i środki czystości"
2025-10-04,2025-10-06,-2615,"Jedzenie i środki czystości"
2025-10-05,2025-10-05,-577,"Pranie"
2025-10-05,2025-10-05,-461,"Pranie"
2025-10-06,2025-10-06,28000,"Zwrot pieniędzy"
2025-10-06,2025-10-08,-2200,"Gotowe jedzenie"
2025-10-07,2025-10-09,-2700,"Gotowe jedzenie"
2025-10-08,2025-10-10,-1800,"Gotowe jedzenie"
2025-10-09,2025-10-11,-3180,"Inne"
2025-10-09,2025-10-11,-1200,"Gotowe jedzenie"
2025-10-09,2025-10-12,-400,"Gotowe jedzenie"
2025-10-10,2025-10-12,-2600,"Gotowe jedzenie"
2025-10-10,2025-10-12,-1410,"Inne"
2025-10-12,2025-10-12,-577,"Pranie"
2025-10-12,2025-10-12,-461,"Pranie"
2025-10-12,2025-10-12,-231,"Pranie"
2025-10-13,2025-10-15,-3644,"Jedzenie i środki czystości"
2025-10-13,2025-10-15,-1200,"Gotowe jedzenie"
2025-10-13,2025-10-15,-10609,"Jedzenie i środki czystości"
2025-10-14,2025-10-17,-3400,"Gotowe jedzenie"
2025-10-14,2025-10-17,-400,"Gotowe jedzenie"
2025-10-15,2025-10-15,-902,"Zwrot pieniędzy"
2025-10-15,2025-10-17,-3000,"Gotowe jedzenie"
2025-10-16,2025-10-16,7000,"Zwrot pieniędzy"
2025-10-16,2025-10-18,-1200,"Gotowe jedzenie"
2025-10-17,2025-10-17,-170,"Komunikacja miejska"
2025-10-17,2025-10-19,-23997,"Odzież i obuwie"
2025-10-17,2025-10-19,-1780,"Gotowe jedzenie"
2025-10-17,2025-10-22,-400,"Gotowe jedzenie"
2025-10-18,2025-10-20,-2113,"Jedzenie i środki czystości"
2025-10-18,2025-10-20,-9891,"Jedzenie i środki czystości"
2025-10-19,2025-10-19,-577,"Pranie"
2025-10-19,2025-10-19,-577,"Pranie"
2025-10-19,2025-10-19,-461,"Pranie"
2025-10-20,2025-10-20,-23500,"Inne"
2025-10-20,2025-10-20,-100000,"Inne"
2025-10-20,2025-10-22,-2400,"Gotowe jedzenie"
2025-10-21,2025-10-21,-3816,"Zwrot pieniędzy"
2025-10-21,2025-10-23,-1540,"Inne"
2025-10-22,2025-10-24,-1800,"Gotowe jedzenie"
2025-10-23,2025-10-23,7000,"Zwrot pieniędzy"
2025-10-23,2025-10-23,-1428,"Pociągi"
2025-10-23,2025-10-25,-1949,"Jedzenie i środki czystości"
2025-10-23,2025-10-25,-1200,"Gotowe jedzenie"
2025-10-23,2025-10-25,-2300,"Gotowe jedzenie"
2025-10-23,2025-10-25,-3468,"Jedzenie i środki czystości"
2025-10-24,2025-10-24,-170,"Komunikacja miejska"
2025-10-24,2025-10-24,-220,"Komunikacja miejska"
2025-10-24,2025-10-24,7000,"Zwrot pieniędzy"
2025-10-24,2025-10-26,-9350,"Inne"
2025-10-24,2025-10-26,-8298,"Inne"
2025-10-24,2025-10-26,-3120,"Gotowe jedzenie"
2025-10-24,2025-10-26,-400,"Gotowe jedzenie"
2025-10-25,2025-10-25,-170,"Komunikacja miejska"
2025-10-26,2025-10-26,-170,"Komunikacja miejska"
2025-10-27,2025-10-29,-4215,"Jedzenie i środki czystości"
2025-10-27,2025-10-29,-1200,"Gotowe jedzenie"
2025-10-27,2025-10-29,-9044,"Jedzenie i środki czystości"
2025-10-28,2025-10-30,-2800,"Gotowe jedzenie"
2025-10-29,2025-10-29,-100000,"Inne"
2025-10-29,2025-10-31,-2400,"Gotowe jedzenie"
2025-10-29,2025-10-31,-700,"Gotowe jedzenie"
2025-10-30,2025-10-30,-170,"Komunikacja miejska"
2025-10-30,2025-10-30,2000,"Zwrot pieniędzy"
2025-10-30,2025-11-01,-1200,"Gotowe jedzenie"
2025-10-31,2025-11-02,-2600,"Gotowe jedzenie"
2025-11-01,2025-11-01,-1688,"Pociągi"
2025-11-01,2025-11-01,-1688,"Pociągi"
2025-11-01,2025-11-01,-577,"Pranie"
2025-11-01,2025-11-01,-461,"Pranie"
2025-11-02,2025-11-02,7000,"Zwrot pieniędzy"
2025-11-02,2025-11-04,-3010,"Gotowe jedzenie"
2025-11-03,2025-11-05,-5767,"Jedzenie i środki czystości"
2025-11-03,2025-11-05,-2240,"Inne"
2025-11-03,2025-11-05,-2300,"Gotowe jedzenie"
2025-11-03,2025-11-05,-5145,"Jedzenie i środki czystości"
2025-11-04,2025-11-06,-2400,"Gotowe jedzenie"
2025-11-05,2025-11-07,-1200,"Gotowe jedzenie"
2025-11-06,2025-11-06,14000,"Zwrot pieniędzy"
2025-11-06,2025-11-08,-2700,"Gotowe jedzenie"
2025-11-07,2025-11-07,-220,"Komunikacja miejska"
2025-11-07,2025-11-09,-220,"Komunikacja miejska"
2025-11-07,2025-11-09,-3000,"Gotowe jedzenie"
2025-11-08,2025-11-08,-170,"Komunikacja miejska"
2025-11-10,2025-11-10,7000,"Zwrot pieniędzy"
2025-11-11,2025-11-11,-170,"Komunikacja miejska"
2025-11-11,2025-11-11,7000,"Zwrot pieniędzy"
2025-11-12,2025-11-14,-2800,"Gotowe jedzenie"
2025-11-13,2025-11-15,-4732,"Jedzenie i środki czystości"
2025-11-13,2025-11-15,-2900,"Gotowe jedzenie"
2025-11-13,2025-11-15,-5831,"Jedzenie i środki czystości"
2025-11-14,2025-11-16,-1960,"Gotowe jedzenie"
2025-11-15,2025-11-15,-7000,"Zwrot pieniędzy"
2025-11-15,2025-11-17,-2579,"Jedzenie i środki czystości"
2025-11-15,2025-11-17,-4203,"Jedzenie i środki czystości"
2025-11-16,2025-11-16,-170,"Komunikacja miejska"
2025-11-16,2025-11-16,-170,"Komunikacja miejska"
2025-11-16,2025-11-16,-577,"Pranie"
2025-11-16,2025-11-16,-461,"Pranie"
2025-11-17,2025-11-19,-2400,"Gotowe jedzenie"
2025-11-18,2025-11-20,-2800,"Gotowe jedzenie"
2025-11-19,2025-11-19,1500,"Zwrot pieniędzy"
2025-11-19,2025-11-21,-1500,"Gotowe jedzenie"
2025-11-19,2025-11-21,-2400,"Gotowe jedzenie"
2025-11-20,2025-11-22,-2400,"Gotowe jedzenie"
2025-11-21,2025-11-21,-1558,"Pociągi"
2025-11-21,2025-11-21,-2597,"Pociągi"
2025-11-21,2025-11-21,-170,"Komunikacja miejska"
2025-11-21,2025-11-21,-170,"Komunikacja miejska"
2025-11-21,2025-11-23,-1730,"Gotowe jedzenie"
2025-11-22,2025-11-22,-170,"Komunikacja miejska"
2025-11-23,2025-11-23,-170,"Komunikacja miejska"
2025-11-23,2025-11-23,-577,"Pranie"
2025-11-23,2025-11-23,-461,"Pranie"
2025-11-24,2025-11-26,-2678,"Jedzenie i środki czystości"
2025-11-24,2025-11-26,-2400,"Gotowe jedzenie"
2025-11-24,2025-11-26,-7815,"Jedzenie i środki czystości"
2025-11-25,2025-11-27,-2664,"Inne"
2025-11-25,2025-11-27,-2400,"Gotowe jedzenie"
2025-11-26,2025-11-26,-170,"Komunikacja miejska"
2025-11-26,2025-11-26,-170,"Komunikacja miejska"
2025-11-26,2025-11-28,-2086,"Inne"
2025-11-26,2025-11-28,-2400,"Gotowe jedzenie"
2025-11-27,2025-11-27,300000,"Politechnika"
2025-11-27,2025-11-29,-999,"Jedzenie i środki czystości"
2025-11-27,2025-11-29,-1800,"Gotowe jedzenie"
2025-11-28,2025-11-28,-1558,"Pociągi"
2025-11-28,2025-11-30,-2855,"Gotowe jedzenie"
2025-11-29,2025-11-29,-170,"Komunikacja miejska"
2025-11-29,2025-11-29,-2597,"Pociągi"
2025-11-30,2025-11-30,-170,"Komunikacja miejska"
2025-11-30,2025-11-30,-577,"Pranie"
2025-11-30,2025-11-30,-461,"Pranie"
2025-11-30,2025-11-30,5000,"Zwrot pieniędzy"
2025-12-01,2025-12-03,-1204,"Jedzenie i środki czystości"
2025-12-01,2025-12-03,-6641,"Jedzenie i środki czystości"
2025-12-01,2025-12-03,-1199,"Inne"
2025-12-02,2025-12-02,-1000,"Zwrot pieniędzy"
2025-12-02,2025-12-04,-1800,"Gotowe jedzenie"
2025-12-03,2025-12-05,-2900,"Gotowe jedzenie"
2025-12-04,2025-12-06,-2400,"Gotowe jedzenie"
2025-12-06,2025-12-06,10000,"Zwrot pieniędzy"
2025-12-06,2025-12-08,-19597,"Odzież i obuwie"
2025-12-06,2025-12-08,-2250,"Jedzenie i środki czystości"
2025-12-06,2025-12-08,-8942,"Jedzenie i środki czystości"
2025-12-07,2025-12-07,-577,"Pranie"
2025-12-07,2025-12-07,-461,"Pranie"
2025-12-08,2025-12-10,-2400,"Gotowe jedzenie"
2025-12-09,2025-12-11,-1200,"Gotowe jedzenie"
2025-12-09,2025-12-11,-600,"Gotowe jedzenie"
2025-12-10,2025-12-12,-2500,"Gotowe jedzenie"
2025-12-11,2025-12-11,-6557,"Elektronika"
2025-12-11,2025-12-11,-3000,"Zwrot pieniędzy"
2025-12-12,2025-12-14,-1485,"Jedzenie i środki czystości"
2025-12-12,2025-12-14,-2800,"Gotowe jedzenie"
2025-12-13,2025-12-13,-220,"Komunikacja miejska"
2025-12-13,2025-12-13,-220,"Komunikacja miejska"
2025-12-13,2025-12-15,-2776,"Jedzenie i środki czystości"
2025-12-13,2025-12-15,-1620,"Gotowe jedzenie"
2025-12-13,2025-12-15,-8650,"Jedzenie i środki czystości"
2025-12-14,2025-12-14,-2597,"Pociągi"
2025-12-14,2025-12-14,-577,"Pranie"
2025-12-14,2025-12-14,-461,"Pranie"
2025-12-14,2025-12-16,-499,"Jedzenie i środki czystości"
2025-12-14,2025-12-16,-2635,"Gotowe jedzenie"
2025-12-15,2025-12-17,-1200,"Gotowe jedzenie"
2025-12-16,2025-12-18,-2800,"Gotowe jedzenie"
2025-12-17,2025-12-19,-2500,"Gotowe jedzenie"
2025-12-18,2025-12-20,-2700,"Gotowe jedzenie"
2025-12-19,2025-12-19,150000,"Politechnika"
2025-12-19,2025-12-19,190500,"Politechnika"
2025-12-19,2025-12-21,-2700,"Gotowe jedzenie"
2025-12-20,2025-12-22,-2845,"Gotowe jedzenie"
2025-12-21,2025-12-23,-1700,"Inne"
2025-12-21,2025-12-23,-2990,"Gotowe jedzenie"
2025-12-22,2025-12-24,-1800,"Gotowe jedzenie"
2025-12-23,2025-12-23,-170,"Komunikacja miejska"
2025-12-23,2025-12-23,-835,"Zwrot pieniędzy"
2025-12-23,2025-12-25,-1210,"Inne"
2025-12-29,2025-12-29,-1818,"Pociągi"
2025-12-29,2025-12-31,-9000,"Inne"
2025-12-31,2025-12-31,-170,"Komunikacja miejska"
2025-12-31,2025-12-31,-350,"Inne"
